0x5b878ba97bae92fc0aa6133edbf2f58d52350d65,
0x719b8be8e2c3f07575d41a2580011db702029e5b,
0x8d9c1aa79d8e58f508180e9bf16d48f42234993e,
0x228344536a03c0910fb8be9c2755c1a0ba6f89e1,
0xb64d5d9242dd2d506d50f1505fc61b140b8be61e,
0xb5ace61ac9511de68a7e1e385c96b3e33692fabe,
0xcb87fe167673507da5f21da9202ebf94d8f36d8d,
0x3d48587aa16d91a2e37198b5b428674bdaddf038,
0xf1e65cd0b31fcb8713ac1902002b262d57c9da33,
0x0c5707c9692752e24dd2d11faf672c964c4ec0b3,
0x41322b9331d224ad2d62fb2e85445b621508a95c,
0xceebbcf600e3643be7fbd639b64ad609ff2abf71,
0xb928a696200f4a250c0f515be5ac9417a03c3482,
0xba3c44254f9a0697f94e12499f0f224cf5d944d1,
0xaefcd0f8a1cbd231cecaa9bfd9ffb82a6eaaa462